info_id,nbh_id,bed_number,count,min,max,avg,rental_income,median_value,median_night_rate,median_occupancy
999,273471,0,15,298,2556,1153.6666666667,1275.675,1195.0,82,45
1000,273471,1,77,129,2798,1408.1428571429,1798.0305555556,1321.0,88,59
1001,273471,2,57,0,4849,1662.7368421053,1879.8513888889,1527.0,99,56
1002,273471,3,61,275,9616,2359.0983606557,2080.5,2037.0,145,45
1003,273471,4,13,1004,9592,4133.1538461538,3398.3527777778,3505.0,242,46
1004,273471,5,2,1800,3848,2824.0,3384.7666666667,2824.0,238,47
1005,273471,6,1,9960,9960,9960.0,9664.7944444444,9960.0,673,49
1006,273471,7,1,4080,4080,4080.0,4008.9166666667,4080.0,320,42
1007,273471,8,2,1296,7120,4208.0,6344.840625,4208.0,714,32
1008,271352,0,18,298,2556,1138.7222222222,1259.9090277778,1164.5,79,46
1009,271352,1,85,395,2798,1426.6352941176,1791.1361111111,1347.0,84,61
1010,271352,2,48,0,4849,1766.9375,1891.6631944444,1635.5,96,58
1011,271352,3,56,275,9616,2461.5357142857,2035.6607638889,2035.5,152,43
1012,271352,4,13,1004,9592,3830.6923076923,3128.05,2804.0,227,45
1013,271352,5,2,1800,3848,2824.0,3384.7666666667,2824.0,238,47
1014,271352,6,1,9960,9960,9960.0,9664.7944444444,9960.0,673,49
1015,271352,7,1,4080,4080,4080.0,4008.9166666667,4080.0,320,42
1016,271352,8,1,7120,7120,7120.0,5771.0555555556,7120.0,1335,17
1017,275804,0,3,298,1976,1194.3333333333,2318.7638888889,1309.0,78,83
1018,275804,1,51,145,3229,1260.9607843137,1662.9805555556,1131.0,63,71
1019,275804,2,62,0,3309,1390.3225806452,1590.7916666667,1383.0,82,56
1020,275804,3,80,275,4440,1894.6375,2202.4708333333,1870.0,117,57
1021,275804,4,12,811,5363,3157.25,3152.8142361111,3576.0,201,51
1022,275804,5,1,3848,3848,3848.0,4068.0263888889,3848.0,171,74
1023,275804,8,1,1296,1296,1296.0,1436.4777777778,1296.0,92,46
1024,271349,0,10,243,1957,1037.7,1112.4895833333,816.0,64,48
1025,271349,1,56,0,10991,2074.5535714286,1907.6572916667,1518.5,85,65
1026,271349,2,68,123,9798,1664.7941176471,1807.3076388889,1457.0,95,56
1027,271349,3,62,275,8613,2240.6290322581,2061.6416666667,2018.5,138,47
1028,271349,4,9,780,4842,2803.2222222222,3309.3333333333,2706.0,224,48
1029,271349,5,1,3790,3790,3790.0,3995.8375,3790.0,173,72
1030,271349,7,1,3920,3920,3920.0,3804.1111111111,3920.0,320,40
1031,271349,8,1,1465,1465,1465.0,1630.9416666667,1465.0,94,51
1032,274033,0,10,0,1485,816.3,1061.4402777778,939.0,85,37
1033,274033,1,61,284,2434,1241.737704918,1632.3611111111,1179.0,80,58
1034,274033,2,50,0,4849,1622.4,1822.3385416667,1549.5,97,56
1035,274033,3,63,275,9616,2166.253968254,1951.3305555556,2034.0,128,47
1036,274033,4,10,811,5363,2678.2,3037.2309027778,2440.5,193,51
1037,274033,5,2,2660,3848,3254.0,4253.2638888889,3254.0,300,47
1038,274033,6,1,9960,9960,9960.0,9664.7944444444,9960.0,673,49
1039,274033,7,1,4080,4080,4080.0,4008.9166666667,4080.0,320,42
1040,274033,8,1,1296,1296,1296.0,1436.4777777778,1296.0,92,46
1041,271360,0,29,629,3000,1792.8275862069,1670.2805555556,1787.0,107,47
1042,271360,1,114,802,4930,2374.4298245614,2530.1597222222,2212.0,120,64
1043,271360,2,116,1012,6643,3211.2586206897,3236.8909722222,3100.0,189,55
1044,271360,3,70,1170,8460,4094.9285714286,4096.6180555556,3886.0,260,52
1045,271360,4,28,3729,9458,6157.75,6059.9631944444,6068.0,446,46
1046,271360,5,13,5180,15694,8678.7692307692,8579.0208333333,7239.0,609,48
1047,271360,6,3,5308,10819,7937.0,9074.3055555556,7684.0,579,53
1048,271360,7,1,6368,6368,6368.0,6195.4694444444,6368.0,398,52
1049,271303,0,17,1112,2863,1974.4705882353,2134.2361111111,1872.0,110,58
1050,271303,1,94,988,5735,2579.1382978723,2606.5815972222,2329.0,118,67
1051,271303,2,102,1137,7037,3386.4901960784,3497.7138888889,3200.0,168,65
1052,271303,3,62,1383,11136,5106.5806451613,4999.2326388889,4245.5,293,56
1053,271303,4,20,4324,11067,6863.25,6286.3645833333,6973.0,442,48
1054,271303,5,5,5467,9032,6918.6,7140.8194444444,6771.0,569,43
1055,271303,6,2,6478,13230,9854.0,9289.3513888889,9854.0,612,52
1056,271303,7,1,9028,9028,9028.0,8918.3694444444,9028.0,488,61
1057,271303,-1,2,1729,2878,2303.5,2590.2833333333,2303.5,94,80
1058,271325,0,26,629,3000,1818.0,2171.2177083333,1820.5,105,62
1059,271325,1,93,895,4201,2116.8064516129,2267.4611111111,1997.0,111,61
1060,271325,2,84,1012,6076,3000.9404761905,3064.7833333333,3042.0,169,57
1061,271325,3,58,1825,10437,4678.4482758621,4370.5201388889,4123.0,254,56
1062,271325,4,29,2250,9753,6105.275862069,6314.2972222222,5923.0,454,47
1063,271325,5,14,5839,18557,11459.0,13080.5861111111,10702.0,655,67
1064,271325,6,2,5308,10819,8063.5,7535.2475694444,8063.5,626,42
1065,271574,0,17,566,3596,1988.0588235294,1683.6638888889,1872.0,108,47
1066,271574,1,89,790,4464,2050.0561797753,2142.7527777778,1806.0,98,64
1067,271574,2,83,1017,7029,3220.0361445783,2967.6527777778,3162.0,170,55
1068,271574,3,74,1383,11136,5044.4189189189,4880.3541666667,4399.0,288,56
1069,271574,4,22,2569,9855,6062.0454545455,5497.6604166667,6162.5,446,42
1070,271574,5,9,5467,13701,7558.1111111111,7446.0,6771.0,565,45
1071,271574,6,3,6478,9719,7960.3333333333,9306.2833333333,7684.0,549,57
1072,271574,7,2,6368,9028,7698.0,7495.3256944444,7698.0,443,57
1073,271574,-1,1,1729,1729,1729.0,1947.3763888889,1729.0,91,62
1074,271653,0,9,792,3030,1635.1111111111,2461.5194444444,1275.0,109,67
1075,271653,1,80,0,3770,1660.4125,1895.9722222222,1614.0,100,56
1076,271653,2,75,0,5797,2279.8133333333,2352.0194444444,2176.0,162,46
1077,271653,3,29,1978,6163,3514.6551724138,3996.1416666667,3407.0,256,51
1078,271653,4,12,1848,7969,4218.25,6116.2847222222,4099.5,675,32
1079,271653,5,7,3357,20300,9947.4285714286,10601.425,8636.0,812,45
1080,271653,6,7,1074,11205,5070.5714285714,3291.8944444444,5254.0,812,16
1081,271653,7,3,304,23018,14343.0,17108.5638888889,19707.0,1354,44
1082,422770,0,20,347,2032,1098.15,1270.4027777778,949.5,87,43
1083,422770,1,55,465,3233,1518.1272727273,1896.9861111111,1444.0,80,67
1084,422770,2,34,0,4289,1803.0882352941,2081.1590277778,1797.5,147,45
1085,422770,3,18,1159,3355,2457.6666666667,2607.3927083333,2529.5,156,53
1086,422770,4,1,2010,2010,2010.0,1845.2777777778,2010.0,300,22
1087,422770,5,2,2910,6174,4542.0,5465.6975694444,4542.0,285,63
1088,233172,0,19,293,1924,1049.3684210526,1205.1083333333,955.0,92,39
1089,233172,1,39,400,2499,1392.7179487179,1827.3319444444,1380.0,81,64
1090,233172,2,26,164,3410,1598.5,2029.6534722222,1670.5,151,43
1091,233172,3,12,1596,3380,2657.8333333333,2796.9899305556,2733.5,135,64
1092,233172,4,1,1380,1380,1380.0,1171.0416666667,1380.0,300,15
1093,422844,0,4,603,1688,1008.75,1073.7083333333,872.0,80,39
1094,422844,1,43,161,2500,1402.6279069767,1767.9180555556,1495.0,81,62
1095,422844,2,33,395,4157,2178.2424242424,2662.2694444444,2213.0,126,64
1096,422844,3,20,1063,6667,3661.85,4213.0125,3403.0,232,59
1097,422844,4,3,3680,12248,7844.6666666667,7140.8194444444,7606.0,318,73
1098,422756,0,17,347,1783,1014.3529411765,1121.5638888889,899.0,97,35
1099,422756,1,32,465,2515,1413.09375,1852.8819444444,1438.5,80,66
1100,422756,2,31,0,4289,1712.8709677419,1994.3194444444,1742.0,146,43
1101,422756,3,13,1771,5063,3262.0769230769,3208.9583333333,2934.0,150,66
1102,422756,4,1,2010,2010,2010.0,1845.2777777778,2010.0,300,22
1103,422756,5,1,6174,6174,6174.0,5964.1,6174.0,449,45
1104,199281,0,5,993,1663,1419.2,1883.2986111111,1540.0,75,70
1105,199281,1,33,561,2479,1533.0,1973.2305555556,1593.0,78,71
1106,199281,2,24,435,3264,2027.4166666667,2271.7194444444,1791.0,126,55
1107,199281,3,23,1453,5295,3599.5217391304,3431.8111111111,3525.0,177,61
1108,199281,4,3,3594,13473,8180.6666666667,7185.9375,7475.0,325,72
1109,276189,0,12,853,2480,1767.25,1927.5548611111,1687.0,89,63
1110,276189,1,136,577,3478,1647.2794117647,1759.0972222222,1544.5,98,53
1111,276189,2,71,1029,4006,2373.014084507,2535.7361111111,2228.0,134,58
1112,276189,3,19,2166,4998,3730.4736842105,3993.2013888889,3883.0,205,62
1113,273854,0,11,0,2277,1374.6363636364,1718.1361111111,1346.0,91,55
1114,273854,1,150,0,3748,1405.5666666667,1491.0503472222,1302.5,98,46
1115,273854,2,56,0,5248,2297.5357142857,2314.2013888889,2187.5,135,53
1116,273854,3,9,3668,4783,4259.8888888889,4499.1319444444,4290.0,225,64
1117,273854,-1,1,840,840,840.0,866.3680555556,840.0,105,26
1118,273707,0,14,432,2136,1365.7142857143,1732.1024305556,1456.5,82,61
1119,273707,1,140,0,3748,1474.5785714286,1577.8645833333,1418.0,98,48
1120,273707,2,49,0,4669,2269.2040816327,2275.6736111111,2198.0,135,52
1121,273707,3,14,3038,5451,4341.0,4665.3083333333,4292.0,226,66
1122,273707,4,2,3252,3556,3404.0,4035.7847222222,3404.0,240,55
1123,273707,-1,1,840,840,840.0,866.3680555556,840.0,105,26
1124,273261,0,13,922,2480,1765.5384615385,2168.6069444444,1787.0,89,70
1125,273261,1,128,495,3436,1674.4609375,1789.3111111111,1548.5,96,55
1126,273261,2,60,1043,5172,2826.1,2758.4114583333,2603.0,138,62
1127,273261,3,14,3168,4783,4144.0714285714,4054.0347222222,4219.0,198,65
1128,272701,0,15,563,1862,1257.9333333333,1412.3472222222,1253.0,70,56
1129,272701,1,86,0,2156,969.2790697674,1162.9052083333,955.5,77,44
1130,272701,2,41,0,3734,1771.487804878,1894.2486111111,1772.0,127,46
1131,272701,3,30,1571,4974,3632.7666666667,3608.2277777778,3630.0,211,55
1132,272701,4,9,2548,12906,7620.1111111111,6730.8027777778,6104.0,364,61
1133,272701,5,7,5520,14973,9394.5714285714,10146.3916666667,10248.0,488,69
1134,272701,6,2,6925,11220,9072.5,9184.8194444444,9072.5,414,73
1135,272701,7,2,4307,8819,6563.0,6067.0604166667,6563.0,494,42
1136,272701,8,1,9352,9352,9352.0,8580.5416666667,9352.0,922,33
1137,271389,0,20,0,2430,915.7,838.4861111111,849.5,80,31
1138,271389,1,107,0,2982,1129.5887850467,1240.2902777778,1035.0,77,46
1139,271389,2,29,1103,2938,1987.1379310345,2179.8611111111,2043.0,100,64
1140,271389,3,19,1311,5024,3188.5789473684,3490.7180555556,2889.0,177,62
1141,271389,4,2,10688,14699,12693.5,13568.7736111111,12693.5,772,60
1142,403557,0,16,666,1894,1106.8125,1281.8090277778,1130.5,71,51
1143,403557,1,111,484,2478,1221.2972972973,1363.6805555556,1166.0,72,53
1144,403557,2,38,774,2890,1726.0263157895,1815.3680555556,1714.5,95,56
1145,403557,3,14,1976,4278,3044.6428571429,3779.4229166667,2850.0,139,83
1146,403557,6,1,3053,3053,3053.0,3293.9222222222,3053.0,129,77
1147,271469,0,13,429,1705,1035.4615384615,1277.0944444444,964.0,68,52
1148,271469,1,101,471,2728,1289.9207920792,1471.5583333333,1240.0,72,57
1149,271469,2,39,692,2938,1727.7435897436,2016.625,1783.0,93,63
1150,271469,3,10,1457,3654,2581.9,2889.5579861111,2480.5,116,75
1151,271469,6,1,2035,2035,2035.0,2232.1777777778,2035.0,109,61
1152,271298,0,9,163,1219,718.8888888889,1089.9305555556,771.0,50,56
1153,271298,1,61,213,2728,1104.2950819672,1078.8791666667,1130.0,73,42
1154,271298,2,45,0,3120,1268.2222222222,1535.6361111111,1193.0,92,49
1155,271298,3,22,49,3957,1981.7727272727,1790.9333333333,1852.5,146,39
1156,271298,4,16,1797,7071,4307.875,4429.1989583333,4421.5,277,53
1157,271298,5,4,3200,6250,5303.75,5233.8465277778,5882.5,287,60
1158,271298,6,2,2035,4420,3227.5,4132.3829861111,3227.5,310,45
1159,271298,12,1,17955,17955,17955.0,17364.875,17955.0,810,72
1160,274488,0,3,502,1232,900.3333333333,1439.7222222222,967.0,77,53
1161,274488,1,57,0,3270,1095.5263157895,1148.1277777778,1020.0,84,40
1162,274488,2,51,0,5230,1616.862745098,1632.2597222222,1372.0,113,44
1163,274488,3,8,0,4083,1771.875,1598.5225694444,1757.5,144,36
1164,274488,4,3,3478,17712,9142.3333333333,17460.5861111111,6237.0,738,79
1165,274488,5,2,1317,1770,1543.5,1039.3121527778,1543.5,596,9
1166,274488,-1,1,1870,1870,1870.0,2179.8611111111,1870.0,85,73
1167,274853,0,19,1192,2622,1960.7368421053,2358.8125,2009.0,95,72
1168,274853,1,73,198,4956,2041.8219178082,2364.1861111111,2014.0,104,67
1169,274853,2,36,91,5029,2585.6944444444,2675.2472222222,2332.5,140,59
1170,274853,3,10,1632,5890,3802.4,4382.3065972222,4449.0,174,79
1171,274853,4,5,3719,6916,5320.8,6511.2958333333,6026.0,247,84
1172,274853,5,2,5836,6901,6368.5,6329.8097222222,6368.5,664,34
1173,274853,10,1,7636,7636,7636.0,7630.5277777778,7636.0,415,61
1174,268153,0,26,792,3301,2056.5769230769,2492.0628472222,2226.0,101,73
1175,268153,1,61,541,3663,2206.262295082,2535.4319444444,2203.0,107,70
1176,268153,2,26,0,5355,2651.5384615385,2938.4527777778,2675.0,134,67
1177,268153,3,24,0,7260,3662.25,3759.9055555556,3695.0,192,62
1178,268153,4,7,0,4477,1887.8571428571,1878.2291666667,2052.0,275,24
1179,268153,5,1,0,0,0.0,-1788.5,0.0,1960,0
1180,268153,6,1,825,825,825.0,359.9305555556,825.0,550,5
1181,268456,0,15,1496,2782,2196.7333333333,2664.5,2160.0,95,81
1182,268456,1,62,480,3825,2009.064516129,2511.6309027778,1984.5,94,78
1183,268456,2,35,323,5695,2892.2857142857,3329.6111111111,3030.0,139,73
1184,268456,3,23,1498,6964,4077.5652173913,4825.9083333333,4377.0,203,75
1185,268456,4,6,1808,10801,5371.8333333333,5173.5201388889,4470.0,333,52
1186,274232,0,16,89,2842,1666.5625,1917.2638888889,1690.0,95,59
1187,274232,1,68,198,4862,2276.9705882353,2533.7083333333,2193.5,106,71
1188,274232,2,33,99,5873,2768.6666666667,2970.6944444444,2317.0,160,58
1189,274232,3,6,2013,4156,2665.6666666667,3303.8583333333,2403.5,134,75
1190,274232,4,6,3240,6136,4233.6666666667,3297.1413194444,3948.5,391,30
1191,274232,5,3,6306,26813,13889.6666666667,10450.1527777778,8550.0,841,43
1192,274232,8,1,15505,15505,15505.0,14777.9375,15505.0,935,54
1193,274232,19,1,9791,9791,9791.0,9027.6666666667,9791.0,971,33
1194,275678,0,21,811,2782,1808.1904761905,2337.825,1885.0,94,72
1195,275678,1,58,521,4116,1977.2068965517,2390.29375,2008.5,97,72
1196,275678,2,36,323,5119,2437.5833333333,2912.24375,2372.5,131,68
1197,275678,3,19,0,7260,3535.6842105263,4633.675,3587.0,178,81
1198,275678,4,6,2573,6854,4878.3333333333,4728.9805555556,5007.5,246,62
1199,275678,5,1,6901,6901,6901.0,6305.375,6901.0,845,27
1200,115295,0,105,733,3645,1852.5523809524,1955.3861111111,1818.0,83,67
1201,115295,1,179,891,4339,2270.1675977654,2392.7777777778,2211.0,100,70
1202,115295,2,135,1403,6254,3357.6518518519,3395.9194444444,3110.0,157,67
1203,115295,3,41,1317,8023,4228.6829268293,4826.5166666667,3925.0,223,69
1204,115295,4,12,2778,9630,6344.0833333333,6472.3625,5910.0,256,81
1205,115295,5,1,6220,6220,6220.0,6413.05,6220.0,253,81
1206,115295,-1,1,2184,2184,2184.0,2261.9861111111,2184.0,168,43
1207,32059,0,70,433,2568,1442.6714285714,1463.0416666667,1314.0,74,56
1208,32059,1,93,681,3720,1994.7096774194,2135.8583333333,2021.0,94,66
1209,32059,2,74,950,6288,3193.3513513514,3070.0555555556,2968.5,158,61
1210,32059,3,39,1317,6948,3748.8205128205,3552.4638888889,3848.0,191,59
1211,32059,4,13,3011,6701,4593.6923076923,4751.3875,4396.0,209,72
1212,32059,5,1,8836,8836,8836.0,8729.7861111111,8836.0,431,67
1213,268404,0,54,434,3813,1744.6296296296,1901.5993055556,1452.0,81,67
1214,268404,1,83,596,5616,2610.3253012048,2954.4722222222,2521.0,132,68
1215,268404,2,69,0,9180,3906.7536231884,4016.7236111111,3721.0,199,64
1216,268404,3,8,2113,7872,4236.625,4610.3555555556,3918.5,206,71
1217,268404,4,2,4842,18802,11822.0,11456.9697916667,11822.0,457,83
1218,268404,5,1,4184,4184,4184.0,4359.8236111111,4184.0,179,76
1219,268404,8,1,2231,2231,2231.0,1444.2847222222,2231.0,923,8
1220,276450,0,22,1100,2686,2035.4545454545,2284.0128472222,2078.0,96,70
1221,276450,1,60,806,4840,2476.9666666667,2597.7861111111,2373.5,116,67
1222,276450,2,66,1020,9373,4002.3636363636,3991.5538194444,3558.5,193,66
1223,276450,3,36,2533,9782,6232.75,6532.9930555556,6175.5,313,68
1224,276450,4,13,2772,11842,7081.1538461538,8063.2555555556,6829.0,356,74
1225,276450,5,3,7138,9773,8644.3333333333,8503.4861111111,9022.0,382,73
1226,276450,6,1,15838,15838,15838.0,15846.7791666667,15838.0,543,96
1227,275024,0,29,0,3052,1427.0,1661.5611111111,1483.0,101,49
1228,275024,1,54,140,5025,1830.7592592593,1885.8333333333,1647.0,120,48
1229,275024,2,45,0,7128,2913.2,2592.5138888889,2795.0,190,44
1230,275024,3,28,0,7244,3200.7857142857,3370.775,2994.0,246,45
1231,275024,4,13,0,13335,5237.5384615385,5721.375,6430.0,296,63
1232,275024,5,11,2527,29920,14332.8181818182,14528.4194444444,13958.0,806,61
1233,417519,0,27,1042,4316,2325.8518518519,2250.8333333333,2300.0,100,66
1234,417519,1,84,0,6688,2874.6666666667,3118.8489583333,2860.5,135,71
1235,417519,2,51,0,9427,3829.5294117647,3970.3888888889,3892.0,260,50
1236,417519,3,44,0,18141,6702.2954545455,7274.3993055556,6024.5,351,68
1237,417519,4,22,0,15375,6383.0,6825.7788194444,5816.5,487,48
1238,417519,5,4,6436,16100,9819.5,10632.6527777778,8371.0,570,63
1239,417519,6,3,10782,19639,15087.0,12645.8305555556,14840.0,1281,35
1240,417522,0,21,0,4316,2236.8095238095,2216.7666666667,2253.0,93,69
1241,417522,1,88,0,6044,2898.6477272727,3338.4319444444,2926.5,133,76
1242,417522,2,38,1045,7145,3714.2631578947,3263.6069444444,3928.5,216,49
1243,417522,3,34,0,13091,6483.0,7041.4583333333,6266.5,350,66
1244,417522,4,17,0,26140,9232.1176470588,8455.8333333333,8845.0,600,48
1245,417522,5,6,1561,25411,13250.5,10632.6527777778,13066.0,570,63
1246,417522,6,5,9334,34001,18082.8,18780.2638888889,14840.0,1085,59
1247,417522,8,1,12715,12715,12715.0,11036.1805555555,12715.0,1795,23
1248,118904,0,30,1104,3618,2344.7666666667,2683.7638888889,2363.0,93,83
1249,118904,1,79,0,6295,2860.2405063291,3182.5972222222,2903.0,130,74
1250,118904,2,34,1334,7916,4390.0882352941,4777.7486111111,4516.0,276,57
1251,118904,3,33,0,13091,6247.9393939394,7264.5138888889,6188.0,350,68
1252,118904,4,14,0,20525,8012.9285714286,6526.4027777778,7284.0,519,43
1253,118904,5,7,1286,19963,8529.7142857143,6930.7416666667,9635.0,457,51
1254,118904,6,3,12600,34001,20480.3333333333,18544.0277777778,14840.0,1400,46
1255,118904,8,1,12715,12715,12715.0,11036.1805555555,12715.0,1795,23
1256,118904,-1,1,2613,2613,2613.0,2876.8083333333,2613.0,114,75
1257,268201,0,19,0,4316,2112.6842105263,2156.5416666667,2002.0,90,69
1258,268201,1,77,0,6295,3013.025974026,3406.4638888889,2975.0,134,77
1259,268201,2,41,0,9175,3794.1707317073,3856.8333333333,3892.0,264,48
1260,268201,3,33,0,14885,6709.3636363636,7376.0416666667,6188.0,350,69
1261,268201,4,15,0,14072,5905.0,5122.1666666667,5280.0,543,33
1262,268201,5,7,1561,25411,12316.1428571429,10478.5416666667,10032.0,700,51
1263,268201,6,3,9334,19639,14604.3333333333,18780.2638888889,14840.0,1085,59
1264,268201,8,1,12715,12715,12715.0,11036.1805555555,12715.0,1795,23
1265,274552,0,14,1196,3650,2242.0,2453.8138888889,2296.5,127,59
1266,274552,1,59,0,5808,2846.5762711864,3282.2625,2706.0,139,72
1267,274552,2,52,92,9802,4026.1730769231,4477.7388888889,3863.0,232,62
1268,274552,3,33,0,14591,5680.2424242424,6104.625,5178.0,317,63
1269,274552,4,17,187,17867,8148.6470588235,8846.1805555556,8845.0,564,53
1270,274552,5,3,2880,22233,10968.3333333333,7583.8888888889,7792.0,481,53
1271,274552,6,2,10782,14840,12811.0,11780.146875,12811.0,1341,32
1272,273808,0,28,0,2888,1303.6785714286,1295.6993055556,1006.5,129,32
1273,273808,1,85,0,3964,1886.5647058824,2259.9583333333,1872.0,120,57
1274,273808,2,78,0,5887,2337.6923076923,2210.1510416667,2226.5,193,38
1275,273808,3,34,774,5390,3148.1176470588,3125.8194444444,3206.5,239,43
1276,273808,4,9,2750,7225,4645.6666666667,5284.1861111111,4428.0,282,61
1277,273808,5,5,5373,23700,13077.4,9504.1944444444,13499.0,620,52
1278,273808,6,1,9957,9957,9957.0,9718.125,9957.0,515,63
1279,268215,0,33,0,2987,1529.9696969697,2111.7277777778,1657.0,124,52
1280,268215,1,79,0,3860,1870.8481012658,2291.9972222222,1869.0,117,59
1281,268215,2,71,0,5887,2337.7605633803,2307.6111111111,2265.0,205,37
1282,268215,3,31,774,6360,3348.9032258065,3721.9861111111,3295.0,288,43
1283,268215,4,5,5748,7251,6266.0,6483.8194444444,6037.0,350,61
1284,268215,5,6,2467,23528,12301.8333333333,9842.5545138889,13459.5,650,52
1285,268215,6,2,9685,15260,12472.5,12845.6427083333,12472.5,836,53
1286,273355,0,16,792,3335,2133.9375,2037.9166666667,2310.0,110,56
1287,273355,1,83,840,3785,2154.3614457831,2364.1861111111,2113.0,104,67
1288,273355,2,61,1383,6693,3068.2786885246,2976.1694444444,2844.0,182,52
1289,273355,3,38,1958,6701,3887.2105263158,3546.9635416667,3894.0,205,56
1290,273355,4,7,3419,7190,5276.1428571429,5700.0833333333,5600.0,280,66
1291,117156,0,21,261,2990,1466.4285714286,1718.5416666667,1330.0,100,51
1292,117156,1,55,280,5123,2207.2545454545,2351.7152777778,2213.0,123,58
1293,117156,2,46,0,6469,2698.652173913,2946.1583333333,2660.5,178,53
1294,117156,3,20,0,7761,3017.35,1797.1180555556,2264.5,300,22
1295,117156,4,15,3818,13019,7371.6666666667,7481.8916666667,6987.0,414,60
1296,117156,5,7,6602,23400,13105.4285714286,15321.8888888889,11495.0,795,65
1297,117156,6,1,15824,15824,15824.0,15241.3861111111,15824.0,946,55
1298,268012,0,17,760,2166,1543.6470588235,1783.1263888889,1728.0,93,56
1299,268012,1,54,0,2880,1582.0,1890.3958333333,1677.0,98,57
1300,268012,2,39,0,3957,1849.358974359,1789.6152777778,1777.0,141,40
1301,268012,3,21,128,6949,3612.9047619048,3344.6166666667,4303.0,264,42
1302,268012,4,5,2556,5167,3689.2,3225.9916666667,3455.0,254,42
1303,268012,5,7,2467,13499,8897.0,9939.9638888889,10145.0,566,59
1304,268012,6,5,6477,30325,17964.8,17307.5902777778,15260.0,1017,58
1305,268012,9,1,7657,7657,7657.0,7029.2916666667,7657.0,752,33
1306,416300,0,57,1030,3591,2003.2456140351,2256.9166666667,2011.0,95,69
1307,416300,1,107,1200,3961,2296.3925233645,2556.3180555556,2201.0,101,74
1308,416300,2,92,1092,5978,3307.8695652174,3503.7972222222,3121.5,152,71
1309,416300,3,25,2459,6269,3906.36,4165.7652777778,3759.0,187,70
1310,416300,4,4,5592,6169,5965.5,6240.2833333333,6050.5,236,84
1311,416300,5,1,5807,5807,5807.0,5873.8638888889,5807.0,294,65
1312,416300,-1,1,1025,1025,1025.0,1186.25,1025.0,75,45
1313,416314,0,64,172,2400,1186.609375,1242.4194444444,1158.0,102,37
1314,416314,1,79,264,3677,1754.7848101266,2002.4305555556,1775.0,100,59
1315,416314,2,66,570,4752,2486.6515151515,2693.7,2376.5,142,59
1316,416314,3,22,1373,5385,3176.2727272727,3724.0138888889,3081.5,180,65
1317,416314,4,4,3675,5969,4772.75,4731.1857638889,4723.5,228,67
1318,416314,5,1,9765,9765,9765.0,9858.8527777778,9765.0,378,85
1319,416314,-1,1,759,759,759.0,870.1194444444,759.0,74,34
1320,416306,0,63,160,2588,1296.6349206349,1446.8194444444,1258.0,101,43
1321,416306,1,83,264,3712,1916.5301204819,2327.4833333333,1925.0,104,66
1322,416306,2,62,578,4835,2595.3225806452,2844.6680555556,2476.5,141,62
1323,416306,3,19,1554,4675,3244.8421052632,3923.1416666667,3202.0,178,69
1324,416306,4,3,3726,6169,5297.0,6139.0972222222,5996.0,235,83
1325,416306,5,1,9394,9394,9394.0,9443.1583333333,9394.0,366,84
1326,416306,-1,1,1025,1025,1025.0,1186.25,1025.0,75,45
1327,273486,0,63,172,2400,1181.5873015873,1242.4194444444,1147.0,102,37
1328,273486,1,71,0,3752,1797.5211267606,2087.5972222222,1878.0,105,59
1329,273486,2,50,570,4752,2529.88,2798.7388888889,2376.5,156,56
1330,273486,3,12,1373,4079,2709.4166666667,2768.6770833333,2635.0,185,48
1331,273486,4,2,5210,5969,5589.5,5729.4100694444,5589.5,236,78
1332,273486,5,2,9765,9929,9847.0,9888.7625,9847.0,400,81
1333,416302,0,40,172,2397,1225.35,1377.6215277778,1182.5,88,46
1334,416302,1,74,0,4396,2028.3108108108,2328.4972222222,2138.0,106,65
1335,416302,2,54,570,4752,2577.3888888889,2931.9638888889,2457.5,138,65
1336,416302,3,17,1373,5803,3382.2941176471,3849.6347222222,2971.0,197,62
1337,416302,4,2,7655,11971,9813.0,9681.8277777778,9813.0,402,79
1338,416302,5,4,5522,14391,8830.25,7740.0024305556,7704.0,542,49
1339,416302,-1,1,759,759,759.0,870.1194444444,759.0,74,34
1340,272845,0,5,1051,1616,1366.8,1523.875,1429.0,66,63
1341,272845,1,24,223,2356,1340.4166666667,1549.8305555556,1424.0,98,47
1342,272845,2,22,413,3814,1676.7272727273,1506.6895833333,1312.5,139,35
1343,272845,3,17,523,9373,3702.8823529412,4198.3111111111,3552.0,264,52
1344,272845,4,24,1890,11579,6298.4166666667,6228.2940972222,6404.5,405,52
1345,272845,5,15,3843,21412,11313.7333333333,12090.4222222222,13574.0,828,50
1346,272845,6,4,8281,27025,16466.75,16724.0972222222,15280.5,1082,53
1347,272845,8,1,21569,21569,21569.0,20256.4861111111,21569.0,1430,49
1348,269088,0,5,276,1899,1166.2,1714.8916666667,1135.0,68,69
1349,269088,1,34,0,2080,1212.7058823529,1550.8697916667,1232.5,80,56
1350,269088,2,27,63,3933,1551.7407407407,1635.4027777778,1249.0,140,37
1351,269088,3,23,523,7874,3354.0869565217,3890.7986111111,2898.0,215,58
1352,269088,4,16,1840,11919,6014.1875,5906.9420138889,5897.0,304,64
1353,269088,5,5,3245,13833,6308.4,4098.3416666667,4120.0,263,51
1354,269147,0,7,484,1051,798.8571428571,1046.1305555556,831.0,66,44
1355,269147,1,33,0,2772,1216.5757575758,1493.6611111111,1254.0,89,49
1356,269147,2,23,56,2842,1176.7826086957,1022.3041666667,1003.0,141,24
1357,269147,3,21,463,7886,3667.4761904762,3891.9138888889,3872.0,273,47
1358,269147,4,13,1615,11365,5815.2307692308,5514.1361111111,5771.0,331,55
1359,269147,5,7,3993,15879,8647.8571428571,7568.6805555556,6361.0,480,53
1360,269147,8,1,21446,21446,21446.0,20467.7805555555,21446.0,1414,50
1361,269049,0,4,974,1547,1176.75,1478.5034722222,1093.0,67,61
1362,269049,1,25,0,2080,1166.8,1178.7472222222,1146.0,84,41
1363,269049,2,22,245,4726,1744.5909090909,1659.2291666667,1496.0,140,38
1364,269049,3,20,523,7874,3262.55,3502.9861111111,3211.5,250,46
1365,269049,4,14,1890,11919,6506.5714285714,6322.1041666667,6681.5,460,47
1366,269049,5,7,4120,21284,11775.4285714286,12872.9416666667,9576.0,864,51
1367,269049,6,2,7496,15328,11412.0,10468.7069444444,11412.0,876,42
1368,269049,7,1,29120,29120,29120.0,27471.3194444444,29120.0,2240,43
1369,269049,8,1,21569,21569,21569.0,20256.4861111111,21569.0,1430,49
1370,269064,0,3,1051,1899,1361.6666666667,1366.5194444444,1135.0,74,52
1371,269064,1,29,146,3103,1290.9310344828,1385.9861111111,1196.0,96,43
1372,269064,2,18,413,3933,1723.0555555556,1626.8607638889,1312.5,142,37
1373,269064,3,15,523,5647,2817.7333333333,3178.3388888889,1883.0,257,41
1374,269064,4,14,1890,11919,7347.5714285714,7626.9791666667,7227.0,460,56
1375,269064,5,8,4120,17125,11045.25,12652.3194444444,11575.0,858,51
1376,269064,6,1,7496,7496,7496.0,6876.8027777778,7496.0,789,31
1377,269064,7,1,29120,29120,29120.0,27471.3194444444,29120.0,2240,43
1378,269064,8,1,21569,21569,21569.0,20256.4861111111,21569.0,1430,49
1379,269011,0,8,0,2609,1588.625,1606.5069444444,1803.5,105,46
1380,269011,1,27,156,3235,1727.8148148148,2193.9541666667,1702.0,109,60
1381,269011,2,29,559,4320,2248.1724137931,2597.7861111111,2387.0,116,67
1382,269011,3,30,0,9938,4003.6,4261.375,3397.5,216,63
1383,269011,4,23,2884,15164,6473.2608695652,6600.7208333333,5889.0,327,66
1384,269011,5,10,4427,14499,9193.2,10886.3784722222,8448.0,448,80
1385,269011,6,2,6965,11361,9163.0,8945.2881944444,9163.0,583,52
1386,269011,7,2,11552,20613,16082.5,15508.7486111111,16082.5,992,54
1387,269165,0,4,1166,1896,1565.0,2089.625,1599.0,66,86
1388,269165,1,42,338,2642,1427.0476190476,1887.1513888889,1474.0,67,77
1389,269165,2,34,973,2387,1644.9117647059,2002.3291666667,1588.0,76,74
1390,269165,3,20,1135,3015,2096.6,2407.5045138889,2011.5,97,73
1391,269165,4,9,1598,2420,2086.1111111111,1980.7333333333,2116.0,103,57
1392,269165,5,2,1176,4241,2708.5,2659.0503472222,2708.5,135,61
1393,269165,7,1,4864,4864,4864.0,5106.9583333333,4864.0,190,84
1394,268927,0,4,1166,1896,1565.0,2089.625,1599.0,66,86
1395,268927,1,34,338,2559,1448.3235294118,1875.8972222222,1512.5,66,77
1396,268927,2,32,973,2387,1667.4375,2072.7944444444,1604.5,76,76
1397,268927,3,20,810,3015,2020.05,2312.3763888889,1962.0,92,73
1398,268927,4,6,1598,2420,2017.0,2499.7430555556,1979.0,96,76
1399,268927,5,2,1176,4241,2708.5,2659.0503472222,2708.5,135,61
1400,268927,7,1,4864,4864,4864.0,5106.9583333333,4864.0,190,84
1401,273667,0,3,1281,1675,1487.0,1690.1527777778,1505.0,62,73
1402,273667,1,23,169,2396,1435.3043478261,1957.0083333333,1563.0,72,75
1403,273667,2,22,1319,3950,2086.1363636364,2190.5069444444,1934.0,86,73
1404,273667,3,12,1108,3983,2234.0833333333,2164.2472222222,1984.0,110,59
1405,273667,4,7,1631,19028,4543.7142857143,2017.1319444444,2283.0,103,58
1406,273667,5,2,1093,4348,2720.5,2646.7569444444,2720.5,133,61
1407,273667,7,1,5044,5044,5044.0,5269.5861111111,5044.0,194,85
1408,273667,8,1,16568,16568,16568.0,16021.2694444444,16568.0,846,64
1409,274173,0,2,1560,1896,1728.0,2089.625,1728.0,66,86
1410,274173,1,18,338,2559,1349.8888888889,1853.3888888889,1414.0,65,77
1411,274173,2,20,973,2054,1495.4,1852.7298611111,1498.0,74,70
1412,274173,3,13,810,3015,1925.6923076923,2117.2027777778,1861.0,78,76
1413,274173,4,6,1598,3850,2792.6666666667,3195.6763888889,2696.5,148,67
1414,274173,5,1,1176,1176,1176.0,1318.7652777778,1176.0,83,46
1415,124197,0,18,173,1490,722.5,865.9118055556,746.0,41,52
1416,124197,1,86,0,3210,1074.2790697674,1393.3875,1022.0,49,72
1417,124197,2,39,94,3226,1693.2051282051,1975.7652777778,1770.0,89,64
1418,124197,3,37,0,5356,2166.5675675676,2097.7361111111,2249.0,115,55
1419,124197,4,13,1152,8402,2988.8461538462,3167.6930555556,2327.0,159,62
1420,124197,5,2,6332,10450,8391.0,8796.271875,8391.0,504,59
1421,124197,-1,2,692,1104,898.0,1186.4527777778,898.0,44,67
1422,269130,0,5,722,1304,936.4,1049.375,909.0,50,54
1423,269130,1,35,24,2729,1237.3428571429,1591.8055555556,1289.0,87,53
1424,269130,2,16,227,3484,1613.6875,1991.8354166667,1532.0,89,65
1425,269130,3,16,950,2790,2130.5,2475.1309027778,2085.0,135,57
1426,269130,4,10,1105,4237,2740.1,2799.2711805556,2900.5,185,49
1427,269130,5,1,2788,2788,2788.0,2821.2472222222,2788.0,193,47
1428,269130,6,3,3033,8216,6075.0,5522.6527777778,6976.0,436,43
1429,269130,7,1,10391,10391,10391.0,10098.9416666667,10391.0,674,51
1430,269130,8,1,2604,2604,2604.0,2324.9486111111,2604.0,383,22
1431,269130,9,1,5428,5428,5428.0,4459.4888888889,5428.0,1027,17
1432,272893,0,5,747,1420,1076.0,1465.1708333333,1000.0,59,66
1433,272893,1,18,322,1832,1102.1666666667,1219.2013888889,1083.0,63,53
1434,272893,2,16,873,2719,1683.8125,1917.0104166667,1667.5,85,65
1435,272893,3,21,950,2857,2005.1904761905,2458.1736111111,1987.0,115,64
1436,272893,4,8,1105,6810,3742.375,3627.5930555556,3571.0,284,43
1437,272893,6,1,8216,8216,8216.0,7809.9861111111,8216.0,624,43
1438,272893,7,1,10391,10391,10391.0,10098.9416666667,10391.0,674,51
1439,272893,9,1,5428,5428,5428.0,4459.4888888889,5428.0,1027,17
1440,273739,0,5,450,1383,918.2,1017.9444444444,770.0,60,46
1441,273739,1,19,268,2008,1073.4210526316,1217.4777777778,1032.0,64,52
1442,273739,2,15,770,2483,1637.6666666667,1944.2333333333,1710.0,84,66
1443,273739,3,21,968,2966,1909.8571428571,2210.6833333333,1835.0,117,57
1444,273739,4,8,1091,6711,3671.75,3651.6222222222,3371.0,286,43
1445,273739,6,1,7866,7866,7866.0,7579.5291666667,7866.0,621,42
1446,273739,7,1,10735,10735,10735.0,10368.6361111111,10735.0,678,52
1447,273739,9,1,6235,6235,6235.0,5365.2972222222,6235.0,1018,20
1448,274847,0,4,855,1077,972.0,1250.353125,978.0,57,59
1449,274847,1,23,572,1445,1104.2173913043,1453.9166666667,1185.0,55,69
1450,274847,2,18,109,2184,1021.1666666667,988.5416666667,936.0,90,33
1451,274847,3,14,1163,3694,2197.2142857143,2224.2694444444,2247.0,123,55
1452,274847,4,3,1380,3021,2470.3333333333,3084.0472222222,3010.0,198,50
1453,274847,5,1,6778,6778,6778.0,6464.9611111111,6778.0,607,37
1454,806852,0,1,2238,2238,2238.0,2526.4083333333,2238.0,98,75
1455,806852,1,63,702,6084,2858.5238095238,2880.5597222222,2752.0,143,62
1456,806852,2,78,495,7227,3570.5641025641,3680.2138888889,3395.0,199,59
1457,806852,3,75,1060,9755,4676.64,4693.7986111111,4383.0,263,58
1458,806852,4,23,1906,6978,4083.7391304348,3502.8847222222,3826.0,263,44
1459,806852,5,3,3098,4457,3604.6666666667,3053.225,3259.0,286,36
1460,806850,0,15,1224,2328,1716.6,1925.0708333333,1682.0,83,66
1461,806850,1,47,776,2830,1709.0,2035.2805555556,1667.0,81,71
1462,806850,2,59,383,4150,2356.7118644068,2767.3083333333,2358.0,109,75
1463,806850,3,65,1008,4954,2902.6769230769,3101.6888888889,2934.0,147,65
1464,806850,4,3,2415,3458,2818.3333333333,3642.0916666667,2582.0,164,69
1465,806850,5,1,4487,4487,4487.0,4583.3861111111,4487.0,218,67
1466,806850,6,3,4005,13483,7651.6666666667,5959.6388888889,5467.0,284,68
1467,806851,0,16,1224,2328,1724.1875,1911.2565972222,1687.5,82,67
1468,806851,1,49,776,2830,1680.2448979592,2038.0180555556,1632.0,77,74
1469,806851,2,57,308,4150,2232.5964912281,2664.2972222222,2110.0,106,74
1470,806851,3,52,1008,4613,2824.8653846154,2903.9045138889,2892.5,149,61
1471,806851,4,3,2415,3458,2818.3333333333,3642.0916666667,2582.0,164,69
1472,806851,5,1,4487,4487,4487.0,4583.3861111111,4487.0,218,67
1473,806851,6,3,4005,13483,7651.6666666667,5959.6388888889,5467.0,284,68
1474,764088,0,16,564,2800,1624.4375,1931.8638888889,1676.0,76,71
1475,764088,1,35,765,2369,1586.6857142857,2006.1819444444,1507.0,73,76
1476,764088,2,31,390,4556,2374.8709677419,2981.8472222222,2429.0,110,80
1477,764088,3,41,0,5429,2469.4146341463,2819.625,2306.0,137,63
1478,764088,4,7,2718,4898,3620.1428571429,5144.8777777778,3612.0,189,85
1479,764088,6,2,3940,8468,6204.0,6341.0385416667,6204.0,322,65
1480,124368,0,12,1224,2328,1764.0833333333,1911.2565972222,1692.5,82,67
1481,124368,1,31,776,2311,1612.7096774194,1926.3888888889,1494.0,80,68
1482,124368,2,29,1318,3504,2396.8275862069,2739.2236111111,2446.0,117,70
1483,124368,3,41,1431,4954,3137.5853658537,3179.7583333333,3157.0,176,57
1484,124368,4,3,2415,3458,2818.3333333333,3642.0916666667,2582.0,164,69
1485,124368,6,3,4005,13483,7651.6666666667,5959.6388888889,5467.0,284,68
1486,417159,0,5,929,1942,1313.4,1576.5972222222,1276.0,50,80
1487,417159,1,22,150,2508,1115.8636363636,1470.2402777778,1103.0,68,60
1488,417159,2,12,488,3662,1796.75,1967.80625,1586.0,99,59
1489,417159,3,8,1366,2750,2080.5,2887.7583333333,2108.0,115,75
1490,417159,4,3,1359,5011,3041.6666666667,3104.5277777778,2755.0,168,58
1491,417159,5,1,7979,7979,7979.0,8207.5319444444,7979.0,261,100
1492,417189,0,4,823,1200,965.0,1312.8340277778,918.5,43,75
1493,417189,1,14,638,2693,1447.0,1862.9701388889,1356.5,79,67
1494,417189,2,11,397,2387,1598.4545454545,1913.2083333333,1558.0,70,75
1495,417189,3,12,659,3553,2135.25,2045.0138888889,2099.5,135,47
1496,417189,4,5,1242,5254,3426.2,4164.0416666667,3990.0,190,69
1497,417154,0,6,550,1784,1123.6666666667,1513.7868055556,1092.5,79,55
1498,417154,1,15,580,1819,1179.2666666667,1291.0861111111,1201.0,64,55
1499,417154,2,10,968,2311,1500.7,1669.6215277778,1398.5,85,57
1500,417154,3,3,2058,2132,2096.6666666667,2416.0972222222,2100.0,90,77
1501,417154,4,2,2755,4800,3777.5,4252.4527777778,3777.5,201,67
1502,417154,5,1,7979,7979,7979.0,8207.5319444444,7979.0,261,100
1503,417154,6,1,8353,8353,8353.0,8448.3305555556,8353.0,358,77
1504,417161,0,4,823,1942,1271.0,1369.4597222222,1159.5,44,77
1505,417161,1,15,150,2508,1205.0666666667,1480.8861111111,1093.0,76,55
1506,417161,2,15,488,3662,1811.7333333333,2198.6180555556,1672.0,105,62
1507,417161,3,5,2084,5972,3084.4,2911.2805555556,2484.0,112,77
1508,417161,4,3,1359,5011,3041.6666666667,3104.5277777778,2755.0,168,58
1509,417161,5,1,7979,7979,7979.0,8207.5319444444,7979.0,261,100
1510,417161,6,1,8170,8170,8170.0,8242.9166666667,8170.0,344,78
1511,417160,0,5,663,1971,1274.8,1497.1083333333,1265.0,51,75
1512,417160,1,15,176,1601,996.4666666667,1417.6194444444,987.0,72,55
1513,417160,2,11,684,2291,1401.4545454545,1816.4833333333,1357.0,93,57
1514,417160,3,3,2062,2211,2125.0,2361.4486111111,2102.0,89,76
1515,417160,4,3,1513,4976,3092.0,3137.9861111111,2787.0,170,58
1516,417160,5,1,7154,7154,7154.0,7410.9194444444,7154.0,234,100
1517,417160,6,1,7677,7677,7677.0,7718.2291666667,7677.0,321,78
1518,270895,0,49,601,3783,1911.4693877551,1951.3305555556,1775.0,97,59
1519,270895,1,148,623,5942,2721.722972973,2854.4520833333,2586.0,132,66
1520,270895,2,126,957,9604,4005.6111111111,3786.875,3596.0,190,63
1521,270895,3,22,2327,6514,4528.0454545455,3889.6579861111,4721.5,252,51
1522,270895,4,4,2829,5638,4563.25,5208.2965277778,4893.0,367,48
1523,270895,-1,1,1298,1298,1298.0,1376.9625,1298.0,119,36
1524,270842,0,69,804,3824,1906.2898550725,1917.2638888889,1800.0,95,59
1525,270842,1,103,366,6213,2874.0582524272,3120.1416666667,2711.0,138,69
1526,270842,2,78,1090,8225,3316.9102564103,3262.8972222222,3273.5,174,59
1527,270842,3,36,1689,7161,4229.5,3870.5208333333,3946.0,265,48
1528,270842,4,5,4306,9139,6502.8,5417.2083333333,5742.0,378,48
1529,270842,21,1,2695,2695,2695.0,2754.3305555556,2695.0,188,47
1530,270842,-1,3,780,1504,1126.3333333333,1025.0416666667,1095.0,94,33
1531,270953,0,62,831,4514,2021.6451612903,1880.7638888889,1848.5,106,53
1532,270953,1,89,795,5396,2605.8426966292,2569.6,2552.0,148,54
1533,270953,2,67,1163,6604,3146.3134328358,2848.0138888889,3088.0,195,47
1534,270953,3,24,1291,8624,4576.6666666667,4354.45,4273.5,323,45
1535,270953,4,2,2930,5128,4029.0,4044.0225694444,4029.0,303,45
1536,270953,5,2,6040,7788,6914.0,6761.8277777778,6914.0,436,52
1537,270953,21,1,2240,2240,2240.0,2256.3083333333,2240.0,188,39
1538,270953,-1,2,780,1429,1104.5,1217.4777777778,1104.5,86,42
1539,403221,0,16,145,2044,900.5625,895.1371527778,954.5,93,30
1540,403221,1,95,0,3763,1144.0421052632,1030.8208333333,1082.0,107,30
1541,403221,2,63,0,4563,1348.3968253968,1481.2916666667,1290.0,144,33
1542,403221,3,47,0,5102,1816.0425531915,1581.0583333333,1811.0,174,30
1543,403221,4,13,505,5337,2615.2307692308,2078.675,2338.0,266,27
1544,403221,5,4,2745,8833,5962.0,4965.4954861111,6135.0,376,45
1545,403221,6,2,1078,8428,4753.0,4058.0902777778,4753.0,213,61
1546,403221,7,1,10094,10094,10094.0,9864.125,10094.0,523,63
1547,403221,10,1,15072,15072,15072.0,14645.625,15072.0,785,63
1548,270946,0,47,0,4913,2107.2765957447,2128.5583333333,2173.0,112,57
1549,270946,1,95,0,5367,1967.5473684211,1931.5597222222,1770.0,137,44
1550,270946,2,57,101,8621,2899.8245614035,2444.4861111111,2607.0,183,43
1551,270946,3,25,845,8735,4754.6,4795.6944444444,4538.0,325,49
1552,270946,4,7,2652,8300,5765.4285714286,6325.45,5742.0,612,36
1553,270946,5,4,6371,33108,14383.5,8660.3347222222,9027.5,608,49
1554,270946,6,2,7286,21665,14475.5,12409.4423611111,14475.5,1521,30
1555,270946,21,1,2695,2695,2695.0,2754.3305555556,2695.0,188,47
1556,270946,-1,1,1504,1504,1504.0,1664.6027777778,1504.0,94,52
1557,270798,0,10,208,1385,953.2,1611.8805555556,1033.0,66,67
1558,270798,1,49,300,2206,1381.4693877551,1651.625,1411.0,73,63
1559,270798,2,60,0,4125,1430.5,1634.7944444444,1270.0,92,52
1560,270798,3,42,749,8027,2109.8095238095,2071.0708333333,1799.5,109,57
1561,270798,4,11,1183,5741,3249.2727272727,3355.9722222222,3503.0,203,53
1562,270798,5,4,3468,8461,5574.0,4853.4354166667,5183.5,349,47
1563,270798,6,4,2318,5109,3743.5,3367.4798611111,3773.5,231,48
1564,270798,7,3,5321,9586,7257.3333333333,5748.8513888889,6865.0,339,56
1565,270807,0,11,208,1523,1029.8181818182,1695.1208333333,1221.0,71,66
1566,270807,1,53,0,2357,1371.1886792453,1660.3444444444,1392.0,72,64
1567,270807,2,54,0,3744,1454.0740740741,1664.6027777778,1369.5,94,52
1568,270807,3,40,385,8183,2231.625,2490.6940972222,2018.0,112,67
1569,270807,4,10,1183,5922,3595.9,3822.1076388889,3542.0,201,61
1570,270807,5,5,2525,8190,4994.0,4459.8944444444,4515.0,301,49
1571,270807,6,5,2195,5261,3817.0,3857.1375,3604.0,231,54
1572,270807,7,2,6563,9604,8083.5,8185.5305555556,8083.5,463,59
1573,270840,0,10,208,1438,980.5,1599.3083333333,1051.5,66,66
1574,270840,1,50,0,2357,1362.22,1655.1229166667,1385.0,71,65
1575,270840,2,44,0,3545,1451.8409090909,1651.3208333333,1391.5,92,53
1576,270840,3,36,385,8183,2283.1388888889,2519.6659722222,2018.0,113,67
1577,270840,4,10,1183,5922,3595.9,3822.1076388889,3542.0,201,61
1578,270840,5,4,4260,8190,5611.25,4917.2850694444,4997.5,346,48
1579,270840,6,4,2195,5261,3870.25,4208.6527777778,4012.5,234,58
1580,270840,7,2,6563,9604,8083.5,8185.5305555556,8083.5,463,59
1581,272750,0,10,208,1385,953.2,1611.8805555556,1033.0,66,67
1582,272750,1,43,0,2206,1352.6744186047,1606.4055555556,1363.0,72,62
1583,272750,2,43,0,4125,1385.3023255814,1449.5569444444,1262.0,93,46
1584,272750,3,30,1013,4767,2223.5666666667,2399.875,2053.5,114,63
1585,272750,4,8,1875,5741,3858.0,4075.1489583333,3637.5,212,62
1586,272750,5,3,4584,8461,6276.0,5691.1611111111,5783.0,389,49
1587,272750,6,4,2318,5109,3743.5,3367.4798611111,3773.5,231,48
1588,272750,7,1,6865,6865,6865.0,6830.6708333333,6865.0,339,66
1589,273455,0,4,450,1565,1002.25,1345.9375,997.0,88,45
1590,273455,1,31,300,2147,1226.935483871,1642.2972222222,1309.0,74,62
1591,273455,2,40,294,2797,1321.6,1685.0833333333,1203.5,85,57
1592,273455,3,38,0,8027,2192.3684210526,2255.4465277778,1983.0,121,57
1593,273455,4,9,1183,9774,4164.1111111111,4499.8416666667,4209.0,242,60
1594,273455,5,3,1742,4012,2819.3333333333,3932.875,2704.0,290,45
1595,273455,6,3,4743,6262,5284.0,4931.3527777778,4847.0,262,61
1596,273455,7,1,9486,9486,9486.0,9146.4944444444,9486.0,596,52
1597,343878,0,16,1266,3345,2393.0625,3436.8805555556,2230.0,174,62
1598,343878,1,35,550,2754,1693.4,1901.5486111111,1735.0,85,64
1599,343878,2,25,868,3267,2231.4,2776.0277777778,2275.0,113,73
1600,343878,3,9,1208,3140,2493.2222222222,2702.0138888889,2575.0,150,56
1601,343878,4,3,1852,3775,2606.3333333333,3121.7638888889,2192.0,111,83
1602,343878,5,1,5041,5041,5041.0,5187.8666666667,5041.0,241,69
1603,343878,8,1,16088,16088,16088.0,15553.5625,16088.0,985,54
1604,343912,0,11,1687,3420,2452.2727272727,3454.8263888889,2325.0,175,62
1605,343912,1,36,420,2863,1647.25,2107.6722222222,1690.0,85,71
1606,343912,2,23,717,3260,2013.6956521739,2474.2944444444,2118.0,104,70
1607,343912,3,11,469,3253,2087.0,2343.0972222222,2230.0,120,59
1608,343912,4,3,1789,3675,2514.3333333333,2935.0055555556,2079.0,108,80
1609,343912,5,1,5256,5256,5256.0,5360.025,5256.0,238,72
1610,343912,8,1,16892,16892,16892.0,16146.7888888889,16892.0,984,56
1611,343893,0,5,1687,2267,1955.2,2229.5416666667,1873.0,70,87
1612,343893,1,26,605,2851,1649.4230769231,1945.6527777778,1669.0,83,67
1613,343893,2,26,717,3260,2038.2307692308,2435.0569444444,2172.5,121,61
1614,343893,3,12,469,3614,2203.8333333333,2266.0416666667,2364.0,138,51
1615,343893,4,4,1789,3675,2682.25,3050.2340277778,2632.5,129,72
1616,343893,5,1,5256,5256,5256.0,5360.025,5256.0,238,72
1617,343894,0,5,1662,2068,1849.2,2229.5416666667,1867.0,70,87
1618,343894,1,30,420,2863,1525.4666666667,1921.496875,1476.5,81,68
1619,343894,2,24,356,3267,1901.4166666667,2347.0513888889,2077.0,124,58
1620,343894,3,12,722,3501,2197.5833333333,2266.0416666667,2274.0,138,51
1621,343894,4,4,1852,3538,2605.75,2991.9607638889,2516.5,131,70
1622,343894,5,1,5042,5042,5042.0,5129.2638888889,5042.0,242,68
1623,343894,8,1,15678,15678,15678.0,14944.2152777778,15678.0,985,52
1624,343908,0,15,565,3420,2378.2,3221.6319444444,2325.0,175,58
1625,343908,1,22,605,2592,1654.3636363636,1888.1652777778,1683.0,90,61
1626,343908,2,25,174,3260,1877.24,2253.0638888889,2054.0,102,65
1627,343908,3,7,2126,3253,2576.2857142857,3404.8416666667,2488.0,116,87
1628,343908,4,3,2079,4072,3275.3333333333,3056.875,3675.0,150,63
1629,342690,0,13,974,3330,1832.8461538462,2174.7916666667,1833.0,78,78
1630,342690,1,35,464,3186,1685.9714285714,2127.8486111111,1694.0,87,70
1631,342690,2,17,181,3306,1608.7647058824,1457.6680555556,1479.0,99,44
1632,342690,3,7,1353,4472,2642.0,3350.5986111111,2862.0,147,70
1633,342690,4,2,4274,10751,7512.5,7232.5763888889,7512.5,396,61
1634,342690,-1,1,2020,2020,2020.0,2367.4305555556,2020.0,80,83
1635,342684,0,13,974,3330,1832.8461538462,2174.7916666667,1833.0,78,78
1636,342684,1,35,464,3186,1703.3714285714,2222.4444444444,1572.0,87,73
1637,342684,2,15,513,3306,1796.1333333333,1944.3347222222,2092.0,103,56
1638,342684,3,8,1353,5479,3128.625,3524.6833333333,3033.5,197,57
1639,342684,4,2,4274,10751,7512.5,7232.5763888889,7512.5,396,61
1640,342684,-1,1,2020,2020,2020.0,2367.4305555556,2020.0,80,83
1641,342689,0,13,904,3510,1793.3846153846,2197.6041666667,1776.0,79,78
1642,342689,1,35,441,3010,1591.4857142857,2052.7194444444,1575.0,88,67
1643,342689,2,17,169,2850,1514.7058823529,1316.9402777778,1397.0,99,40
1644,342689,3,5,1125,4073,2463.2,2218.9972222222,2600.0,148,47
1645,342689,4,2,4193,10857,7525.0,7223.4513888889,7525.0,385,62
1646,342689,-1,1,2120,2120,2120.0,2485.0416666667,2120.0,80,87
1647,342678,0,12,904,3510,1840.0833333333,2154.7420138889,1793.5,77,79
1648,342678,1,29,441,3010,1655.275862069,2020.8833333333,1651.0,88,66
1649,342678,2,18,169,6921,1827.5,1471.1527777778,1465.0,103,43
1650,342678,3,5,1125,4073,2463.2,2218.9972222222,2600.0,148,47
1651,342678,4,1,4193,4193,4193.0,4107.9736111111,4193.0,347,40
1652,342678,-1,1,2120,2120,2120.0,2485.0416666667,2120.0,80,87
1653,342685,0,11,974,3330,1889.8181818182,2174.7916666667,1875.0,78,78
1654,342685,1,29,464,3186,1744.275862069,2127.8486111111,1721.0,87,70
1655,342685,2,17,181,7470,1853.7058823529,1457.6680555556,1479.0,99,44
1656,342685,3,5,1353,4472,2659.6,2369.2555555556,2862.0,148,50
1657,342685,4,1,4274,4274,4274.0,4120.9513888889,4274.0,369,38
1658,342685,-1,1,2020,2020,2020.0,2367.4305555556,2020.0,80,83
1659,274643,0,3,855,1924,1329.6666666667,1525.7,1210.0,47,81
1660,274643,1,6,12,1139,627.1666666667,826.9784722222,690.0,63,37
1661,274643,2,17,1055,2947,2023.2941176471,2198.4152777778,2067.0,101,64
1662,274643,3,6,1398,1964,1660.5,1785.0020833333,1626.0,127,44
1663,274643,4,3,2004,2893,2425.0,2716.7152777778,2378.0,105,76
1664,274643,5,5,1163,5308,3473.2,3611.9791666667,3314.0,141,78
1665,274643,6,1,3445,3445,3445.0,3730.0972222222,3445.0,136,83
1666,275818,0,4,372,1924,1090.25,1664.6788194444,1032.5,63,72
1667,275818,1,3,569,925,768.3333333333,866.7736111111,811.0,59,40
1668,275818,2,19,1055,2947,2111.0526315789,2126.8347222222,2093.0,101,62
1669,275818,3,5,1500,1849,1640.4,1643.1083333333,1601.0,132,39
1670,275818,4,3,2004,2893,2425.0,2716.7152777778,2378.0,105,76
1671,275818,5,5,1163,5308,3473.2,3611.9791666667,3314.0,141,78
1672,275818,6,1,3445,3445,3445.0,3730.0972222222,3445.0,136,83
1673,274645,0,3,372,1924,1050.3333333333,1714.0805555556,855.0,78,62
1674,274645,1,7,307,1200,876.1428571429,981.85,925.0,59,45
1675,274645,2,16,1155,2947,2200.9375,2171.8767361111,2191.0,103,63
1676,274645,3,4,1398,1849,1585.5,1785.0020833333,1547.5,127,44
1677,274645,4,3,2004,2893,2425.0,2716.7152777778,2378.0,105,76
1678,274645,5,3,2708,4873,3631.6666666667,3611.9791666667,3314.0,141,78
1679,274645,6,1,3445,3445,3445.0,3730.0972222222,3445.0,136,83
1680,276644,0,3,855,1924,1329.6666666667,1525.7,1210.0,47,81
1681,276644,1,2,925,2070,1497.5,1659.1024305556,1497.5,83,58
1682,276644,2,17,1431,2947,2142.0,2305.7861111111,2093.0,101,67
1683,276644,3,5,1500,1849,1640.4,1643.1083333333,1601.0,132,39
1684,276644,4,3,1546,2378,1976.0,2126.2263888889,2004.0,131,50
1685,276644,5,4,1163,5308,3664.5,4228.9305555556,4093.5,157,83
1686,276644,6,1,3445,3445,3445.0,3730.0972222222,3445.0,136,83
1687,274314,0,3,817,1791,1432.6666666667,1615.6319444444,1690.0,79,58
1688,274314,1,6,12,1878,847.5,1030.1111111111,907.0,70,42
1689,274314,2,16,724,2699,1921.5625,1983.6736111111,1957.5,101,58
1690,274314,3,4,1412,1926,1626.0,1946.2611111111,1583.0,126,48
1691,274314,4,3,1903,2905,2442.0,2859.1666666667,2518.0,108,78
1692,274314,5,3,2610,4106,3359.0,3634.7916666667,3361.0,142,78
1693,274314,6,1,3162,3162,3162.0,3405.0444444444,3162.0,136,76
1694,403138,0,70,1164,2914,1829.8,2039.209375,1742.5,87,68
1695,403138,1,187,935,3954,2193.2620320856,2357.2916666667,2038.0,100,69
1696,403138,2,117,1000,7005,3232.0598290598,3162.3194444444,3021.0,145,67
1697,403138,3,67,1495,9440,5080.9701492537,5232.6805555556,4880.0,260,65
1698,403138,4,10,5464,7310,6628.3,6779.7229166667,6620.5,374,60
1699,403138,5,4,5064,9922,6927.25,6710.0434027778,6361.5,336,66
1700,403138,6,4,4489,9988,7850.25,8271.3055555556,8462.0,383,71
1701,403491,0,32,1294,2809,1998.78125,2407.3524305556,1944.0,88,79
1702,403491,1,121,968,4066,2164.2644628099,2400.7875,2100.0,97,72
1703,403491,2,83,1012,5244,2666.578313253,2940.6833333333,2423.0,136,66
1704,403491,3,48,2809,8339,4617.5625,5059.5336805556,4336.0,245,67
1705,403491,4,9,5974,8446,7268.6666666667,7982.7527777778,6933.0,328,79
1706,403491,5,3,5266,6605,6145.0,6607.3111111111,6564.0,357,61
1707,403491,6,4,5781,9830,8001.25,8636.5083333333,8197.0,377,75
1708,121750,0,30,1101,2914,1923.4666666667,2247.2847222222,1900.0,83,77
1709,121750,1,113,968,4066,2137.3982300885,2448.3388888889,2100.0,96,74
1710,121750,2,65,1012,4981,2547.3846153846,2655.375,2247.0,128,63
1711,121750,3,38,2378,6440,4198.4210526316,4366.8194444444,4100.0,230,61
1712,121750,4,12,5344,8446,6753.3333333333,8389.6263888889,6571.5,348,79
1713,121750,5,5,3062,6605,5328.2,6379.9972222222,5266.0,357,59
1714,121750,6,3,7035,9830,8741.3333333333,9837.7638888889,9359.0,387,83
1715,403490,0,28,1163,2809,1934.8214285714,2301.2743055556,1894.5,87,76
1716,403490,1,104,1112,3713,2115.125,2335.1888888889,2012.5,96,71
1717,403490,2,66,1000,4902,2652.7121212121,2885.2743055556,2442.0,129,68
1718,403490,3,47,1495,9440,4762.4255319149,4746.2166666667,4278.0,219,69
1719,403490,4,8,6507,9232,7735.625,7995.4517361111,7768.5,336,78
1720,403490,5,2,5064,6390,5727.0,5800.5090277778,5727.0,303,63
1721,403490,6,3,5846,9988,8457.0,9640.2583333333,9537.0,374,84
1722,403492,0,25,1383,2809,1994.68,2281.0472222222,1936.0,84,77
1723,403492,1,100,1156,3867,2250.46,2407.5805555556,2110.5,99,71
1724,403492,2,64,1330,5244,2972.671875,3126.5798611111,2828.5,147,66
1725,403492,3,38,2809,7491,4656.4210526316,4967.0416666667,4488.0,230,69
1726,403492,4,8,6200,8446,7323.5,7784.3347222222,7090.5,329,77
1727,403492,5,1,6564,6564,6564.0,6482.1972222222,6564.0,363,59
1728,403492,6,3,5781,9830,8323.3333333333,9351.0972222222,9359.0,367,83
